ID,SUBCLASS
TEST_0000,STES
TEST_0001,UCEC
TEST_0002,THCA
TEST_0003,LGG
TEST_0004,LAML
TEST_0005,UCEC
TEST_0006,BRCA
TEST_0007,UCEC
TEST_0008,THYM
TEST_0009,PCPG
TEST_0010,KIPAN
TEST_0011,LAML
TEST_0012,COAD
TEST_0013,STES
TEST_0014,KIPAN
TEST_0015,STES
TEST_0016,BRCA
TEST_0017,THYM
TEST_0018,KIRC
TEST_0019,BRCA
TEST_0020,COAD
TEST_0021,COAD
TEST_0022,GBMLGG
TEST_0023,UCEC
TEST_0024,COAD
TEST_0025,COAD
TEST_0026,OV
TEST_0027,SKCM
TEST_0028,COAD
TEST_0029,PRAD
TEST_0030,COAD
TEST_0031,SKCM
TEST_0032,COAD
TEST_0033,KIPAN
TEST_0034,KIPAN
TEST_0035,COAD
TEST_0036,GBMLGG
TEST_0037,THYM
TEST_0038,BRCA
TEST_0039,COAD
TEST_0040,BRCA
TEST_0041,LGG
TEST_0042,SKCM
TEST_0043,UCEC
TEST_0044,BRCA
TEST_0045,BRCA
TEST_0046,KIPAN
TEST_0047,BRCA
TEST_0048,TGCT
TEST_0049,BRCA
TEST_0050,COAD
TEST_0051,KIPAN
TEST_0052,COAD
TEST_0053,THYM
TEST_0054,PCPG
TEST_0055,BRCA
TEST_0056,COAD
TEST_0057,BRCA
TEST_0058,LIHC
TEST_0059,SKCM
TEST_0060,PRAD
TEST_0061,BRCA
TEST_0062,HNSC
TEST_0063,STES
TEST_0064,THYM
TEST_0065,COAD
TEST_0066,STES
TEST_0067,COAD
TEST_0068,LAML
TEST_0069,SKCM
TEST_0070,COAD
TEST_0071,SKCM
TEST_0072,PRAD
TEST_0073,KIPAN
TEST_0074,BRCA
TEST_0075,THYM
TEST_0076,COAD
TEST_0077,COAD
TEST_0078,GBMLGG
TEST_0079,GBMLGG
TEST_0080,PRAD
TEST_0081,BRCA
TEST_0082,UCEC
TEST_0083,COAD
TEST_0084,COAD
TEST_0085,ACC
TEST_0086,SKCM
TEST_0087,BRCA
TEST_0088,LUAD
TEST_0089,BRCA
TEST_0090,THCA
TEST_0091,KIPAN
TEST_0092,SKCM
TEST_0093,STES
TEST_0094,PRAD
TEST_0095,KIPAN
TEST_0096,STES
TEST_0097,UCEC
TEST_0098,COAD
TEST_0099,COAD
TEST_0100,THYM
TEST_0101,BRCA
TEST_0102,HNSC
TEST_0103,LGG
TEST_0104,GBMLGG
TEST_0105,PRAD
TEST_0106,COAD
TEST_0107,PCPG
TEST_0108,SKCM
TEST_0109,COAD
TEST_0110,THYM
TEST_0111,THCA
TEST_0112,BRCA
TEST_0113,BRCA
TEST_0114,COAD
TEST_0115,THYM
TEST_0116,KIRC
TEST_0117,LAML
TEST_0118,PCPG
TEST_0119,SKCM
TEST_0120,STES
TEST_0121,GBMLGG
TEST_0122,BRCA
TEST_0123,PCPG
TEST_0124,THCA
TEST_0125,COAD
TEST_0126,GBMLGG
TEST_0127,LGG
TEST_0128,PCPG
TEST_0129,KIPAN
TEST_0130,BRCA
TEST_0131,LAML
TEST_0132,BRCA
TEST_0133,THYM
TEST_0134,BRCA
TEST_0135,GBMLGG
TEST_0136,KIPAN
TEST_0137,BRCA
TEST_0138,GBMLGG
TEST_0139,THYM
TEST_0140,COAD
TEST_0141,UCEC
TEST_0142,SKCM
TEST_0143,COAD
TEST_0144,BRCA
TEST_0145,THCA
TEST_0146,KIPAN
TEST_0147,THCA
TEST_0148,GBMLGG
TEST_0149,DLBC
TEST_0150,COAD
TEST_0151,THCA
TEST_0152,OV
TEST_0153,LGG
TEST_0154,KIPAN
TEST_0155,PCPG
TEST_0156,THYM
TEST_0157,COAD
TEST_0158,STES
TEST_0159,KIPAN
TEST_0160,BRCA
TEST_0161,COAD
TEST_0162,BRCA
TEST_0163,BRCA
TEST_0164,LGG
TEST_0165,SKCM
TEST_0166,COAD
TEST_0167,COAD
TEST_0168,THCA
TEST_0169,SKCM
TEST_0170,THYM
TEST_0171,COAD
TEST_0172,THCA
TEST_0173,THYM
TEST_0174,BRCA
TEST_0175,LAML
TEST_0176,BRCA
TEST_0177,THYM
TEST_0178,BRCA
TEST_0179,BLCA
TEST_0180,THYM
TEST_0181,BRCA
TEST_0182,BRCA
TEST_0183,LAML
TEST_0184,THCA
TEST_0185,THYM
TEST_0186,STES
TEST_0187,THYM
TEST_0188,LGG
TEST_0189,COAD
TEST_0190,SKCM
TEST_0191,UCEC
TEST_0192,PRAD
TEST_0193,HNSC
TEST_0194,LUAD
TEST_0195,COAD
TEST_0196,BRCA
TEST_0197,SKCM
TEST_0198,BRCA
TEST_0199,SARC
TEST_0200,KIPAN
TEST_0201,PRAD
TEST_0202,KIPAN
TEST_0203,KIPAN
TEST_0204,THCA
TEST_0205,SARC
TEST_0206,BRCA
TEST_0207,TGCT
TEST_0208,UCEC
TEST_0209,COAD
TEST_0210,SKCM
TEST_0211,BRCA
TEST_0212,LGG
TEST_0213,BRCA
TEST_0214,THYM
TEST_0215,ACC
TEST_0216,BRCA
TEST_0217,KIPAN
TEST_0218,GBMLGG
TEST_0219,THYM
TEST_0220,BRCA
TEST_0221,UCEC
TEST_0222,THCA
TEST_0223,LGG
TEST_0224,UCEC
TEST_0225,KIPAN
TEST_0226,GBMLGG
TEST_0227,COAD
TEST_0228,BRCA
TEST_0229,KIPAN
TEST_0230,STES
TEST_0231,PCPG
TEST_0232,HNSC
TEST_0233,HNSC
TEST_0234,SKCM
TEST_0235,COAD
TEST_0236,BRCA
TEST_0237,COAD
TEST_0238,THCA
TEST_0239,SKCM
TEST_0240,COAD
TEST_0241,KIPAN
TEST_0242,HNSC
TEST_0243,HNSC
TEST_0244,KIPAN
TEST_0245,LIHC
TEST_0246,LAML
TEST_0247,LGG
TEST_0248,SKCM
TEST_0249,GBMLGG
TEST_0250,CESC
TEST_0251,THYM
TEST_0252,COAD
TEST_0253,THCA
TEST_0254,SKCM
TEST_0255,KIPAN
TEST_0256,COAD
TEST_0257,BRCA
TEST_0258,COAD
TEST_0259,COAD
TEST_0260,THCA
TEST_0261,GBMLGG
TEST_0262,LAML
TEST_0263,DLBC
TEST_0264,GBMLGG
TEST_0265,OV
TEST_0266,THCA
TEST_0267,KIRC
TEST_0268,ACC
TEST_0269,KIPAN
TEST_0270,SARC
TEST_0271,KIRC
TEST_0272,GBMLGG
TEST_0273,BRCA
TEST_0274,KIPAN
TEST_0275,BRCA
TEST_0276,COAD
TEST_0277,KIPAN
TEST_0278,COAD
TEST_0279,COAD
TEST_0280,LAML
TEST_0281,SKCM
TEST_0282,CESC
TEST_0283,HNSC
TEST_0284,HNSC
TEST_0285,GBMLGG
TEST_0286,UCEC
TEST_0287,KIPAN
TEST_0288,BRCA
TEST_0289,COAD
TEST_0290,COAD
TEST_0291,LGG
TEST_0292,COAD
TEST_0293,ACC
TEST_0294,THYM
TEST_0295,SKCM
TEST_0296,PCPG
TEST_0297,COAD
TEST_0298,COAD
TEST_0299,UCEC
TEST_0300,COAD
TEST_0301,THCA
TEST_0302,LIHC
TEST_0303,COAD
TEST_0304,COAD
TEST_0305,HNSC
TEST_0306,COAD
TEST_0307,THCA
TEST_0308,SKCM
TEST_0309,BRCA
TEST_0310,LGG
TEST_0311,SARC
TEST_0312,UCEC
TEST_0313,STES
TEST_0314,SKCM
TEST_0315,LIHC
TEST_0316,BRCA
TEST_0317,COAD
TEST_0318,THYM
TEST_0319,UCEC
TEST_0320,PCPG
TEST_0321,BRCA
TEST_0322,GBMLGG
TEST_0323,COAD
TEST_0324,SKCM
TEST_0325,COAD
TEST_0326,OV
TEST_0327,BRCA
TEST_0328,KIRC
TEST_0329,SARC
TEST_0330,COAD
TEST_0331,COAD
TEST_0332,HNSC
TEST_0333,KIRC
TEST_0334,GBMLGG
TEST_0335,STES
TEST_0336,SKCM
TEST_0337,COAD
TEST_0338,GBMLGG
TEST_0339,BRCA
TEST_0340,COAD
TEST_0341,KIPAN
TEST_0342,SKCM
TEST_0343,BRCA
TEST_0344,COAD
TEST_0345,SKCM
TEST_0346,COAD
TEST_0347,STES
TEST_0348,SKCM
TEST_0349,COAD
TEST_0350,COAD
TEST_0351,BRCA
TEST_0352,THCA
TEST_0353,BLCA
TEST_0354,COAD
TEST_0355,COAD
TEST_0356,PAAD
TEST_0357,CESC
TEST_0358,COAD
TEST_0359,COAD
TEST_0360,HNSC
TEST_0361,GBMLGG
TEST_0362,ACC
TEST_0363,COAD
TEST_0364,BRCA
TEST_0365,COAD
TEST_0366,KIRC
TEST_0367,TGCT
TEST_0368,COAD
TEST_0369,COAD
TEST_0370,DLBC
TEST_0371,THYM
TEST_0372,CESC
TEST_0373,THCA
TEST_0374,THYM
TEST_0375,OV
TEST_0376,ACC
TEST_0377,PCPG
TEST_0378,THYM
TEST_0379,THCA
TEST_0380,COAD
TEST_0381,COAD
TEST_0382,LUAD
TEST_0383,COAD
TEST_0384,THYM
TEST_0385,COAD
TEST_0386,UCEC
TEST_0387,PRAD
TEST_0388,PCPG
TEST_0389,KIRC
TEST_0390,THYM
TEST_0391,GBMLGG
TEST_0392,KIRC
TEST_0393,KIRC
TEST_0394,GBMLGG
TEST_0395,GBMLGG
TEST_0396,BRCA
TEST_0397,SKCM
TEST_0398,THCA
TEST_0399,BRCA
TEST_0400,CESC
TEST_0401,THYM
TEST_0402,COAD
TEST_0403,SKCM
TEST_0404,BRCA
TEST_0405,COAD
TEST_0406,HNSC
TEST_0407,COAD
TEST_0408,SARC
TEST_0409,THCA
TEST_0410,UCEC
TEST_0411,BRCA
TEST_0412,PCPG
TEST_0413,COAD
TEST_0414,COAD
TEST_0415,PCPG
TEST_0416,COAD
TEST_0417,LGG
TEST_0418,BRCA
TEST_0419,COAD
TEST_0420,SARC
TEST_0421,KIPAN
TEST_0422,LUSC
TEST_0423,COAD
TEST_0424,PCPG
TEST_0425,COAD
TEST_0426,COAD
TEST_0427,BRCA
TEST_0428,PCPG
TEST_0429,COAD
TEST_0430,BRCA
TEST_0431,COAD
TEST_0432,PRAD
TEST_0433,OV
TEST_0434,BRCA
TEST_0435,THYM
TEST_0436,COAD
TEST_0437,PRAD
TEST_0438,SKCM
TEST_0439,LAML
TEST_0440,COAD
TEST_0441,HNSC
TEST_0442,COAD
TEST_0443,BRCA
TEST_0444,COAD
TEST_0445,GBMLGG
TEST_0446,THYM
TEST_0447,COAD
TEST_0448,THYM
TEST_0449,BRCA
TEST_0450,THYM
TEST_0451,PRAD
TEST_0452,COAD
TEST_0453,COAD
TEST_0454,BRCA
TEST_0455,COAD
TEST_0456,LAML
TEST_0457,STES
TEST_0458,BLCA
TEST_0459,KIRC
TEST_0460,COAD
TEST_0461,BRCA
TEST_0462,BRCA
TEST_0463,BRCA
TEST_0464,COAD
TEST_0465,UCEC
TEST_0466,COAD
TEST_0467,SKCM
TEST_0468,CESC
TEST_0469,BRCA
TEST_0470,COAD
TEST_0471,CESC
TEST_0472,COAD
TEST_0473,CESC
TEST_0474,BRCA
TEST_0475,SARC
TEST_0476,GBMLGG
TEST_0477,SKCM
TEST_0478,LGG
TEST_0479,BRCA
TEST_0480,COAD
TEST_0481,THCA
TEST_0482,COAD
TEST_0483,KIPAN
TEST_0484,BRCA
TEST_0485,KIPAN
TEST_0486,SKCM
TEST_0487,COAD
TEST_0488,COAD
TEST_0489,THYM
TEST_0490,THCA
TEST_0491,BRCA
TEST_0492,GBMLGG
TEST_0493,COAD
TEST_0494,OV
TEST_0495,BRCA
TEST_0496,HNSC
TEST_0497,THCA
TEST_0498,THCA
TEST_0499,COAD
TEST_0500,PCPG
TEST_0501,BRCA
TEST_0502,BRCA
TEST_0503,COAD
TEST_0504,STES
TEST_0505,BRCA
TEST_0506,THYM
TEST_0507,BRCA
TEST_0508,STES
TEST_0509,COAD
TEST_0510,COAD
TEST_0511,LAML
TEST_0512,KIPAN
TEST_0513,BRCA
TEST_0514,SKCM
TEST_0515,TGCT
TEST_0516,OV
TEST_0517,BRCA
TEST_0518,HNSC
TEST_0519,THCA
TEST_0520,COAD
TEST_0521,COAD
TEST_0522,KIRC
TEST_0523,PCPG
TEST_0524,BRCA
TEST_0525,COAD
TEST_0526,COAD
TEST_0527,STES
TEST_0528,BRCA
TEST_0529,THCA
TEST_0530,BRCA
TEST_0531,PCPG
TEST_0532,COAD
TEST_0533,COAD
TEST_0534,THYM
TEST_0535,BRCA
TEST_0536,BRCA
TEST_0537,PCPG
TEST_0538,BRCA
TEST_0539,BRCA
TEST_0540,SARC
TEST_0541,SKCM
TEST_0542,BRCA
TEST_0543,COAD
TEST_0544,PCPG
TEST_0545,THYM
TEST_0546,LIHC
TEST_0547,LIHC
TEST_0548,KIPAN
TEST_0549,KIPAN
TEST_0550,GBMLGG
TEST_0551,STES
TEST_0552,COAD
TEST_0553,BRCA
TEST_0554,KIPAN
TEST_0555,COAD
TEST_0556,UCEC
TEST_0557,THYM
TEST_0558,LAML
TEST_0559,COAD
TEST_0560,THCA
TEST_0561,PCPG
TEST_0562,PRAD
TEST_0563,STES
TEST_0564,COAD
TEST_0565,THCA
TEST_0566,SKCM
TEST_0567,COAD
TEST_0568,COAD
TEST_0569,SKCM
TEST_0570,COAD
TEST_0571,KIRC
TEST_0572,PCPG
TEST_0573,LGG
TEST_0574,STES
TEST_0575,COAD
TEST_0576,LIHC
TEST_0577,BRCA
TEST_0578,PCPG
TEST_0579,PRAD
TEST_0580,COAD
TEST_0581,COAD
TEST_0582,COAD
TEST_0583,UCEC
TEST_0584,GBMLGG
TEST_0585,KIPAN
TEST_0586,THCA
TEST_0587,SKCM
TEST_0588,COAD
TEST_0589,LUSC
TEST_0590,LIHC
TEST_0591,COAD
TEST_0592,STES
TEST_0593,SKCM
TEST_0594,BRCA
TEST_0595,THCA
TEST_0596,STES
TEST_0597,COAD
TEST_0598,BRCA
TEST_0599,COAD
TEST_0600,THCA
TEST_0601,COAD
TEST_0602,LAML
TEST_0603,SKCM
TEST_0604,COAD
TEST_0605,GBMLGG
TEST_0606,COAD
TEST_0607,BRCA
TEST_0608,COAD
TEST_0609,THYM
TEST_0610,OV
TEST_0611,KIRC
TEST_0612,BRCA
TEST_0613,HNSC
TEST_0614,KIPAN
TEST_0615,COAD
TEST_0616,UCEC
TEST_0617,OV
TEST_0618,COAD
TEST_0619,THYM
TEST_0620,UCEC
TEST_0621,THYM
TEST_0622,KIRC
TEST_0623,SKCM
TEST_0624,SKCM
TEST_0625,COAD
TEST_0626,THCA
TEST_0627,COAD
TEST_0628,COAD
TEST_0629,SKCM
TEST_0630,COAD
TEST_0631,COAD
TEST_0632,COAD
TEST_0633,SKCM
TEST_0634,COAD
TEST_0635,THCA
TEST_0636,THCA
TEST_0637,THYM
TEST_0638,COAD
TEST_0639,COAD
TEST_0640,COAD
TEST_0641,THCA
TEST_0642,HNSC
TEST_0643,THCA
TEST_0644,PRAD
TEST_0645,COAD
TEST_0646,COAD
TEST_0647,KIPAN
TEST_0648,UCEC
TEST_0649,GBMLGG
TEST_0650,ACC
TEST_0651,BRCA
TEST_0652,LUSC
TEST_0653,COAD
TEST_0654,PCPG
TEST_0655,THYM
TEST_0656,THYM
TEST_0657,BRCA
TEST_0658,COAD
TEST_0659,COAD
TEST_0660,COAD
TEST_0661,COAD
TEST_0662,LGG
TEST_0663,COAD
TEST_0664,SARC
TEST_0665,STES
TEST_0666,KIPAN
TEST_0667,THCA
TEST_0668,COAD
TEST_0669,PCPG
TEST_0670,KIRC
TEST_0671,COAD
TEST_0672,THYM
TEST_0673,THYM
TEST_0674,UCEC
TEST_0675,COAD
TEST_0676,THYM
TEST_0677,OV
TEST_0678,SKCM
TEST_0679,BRCA
TEST_0680,BRCA
TEST_0681,COAD
TEST_0682,COAD
TEST_0683,BRCA
TEST_0684,UCEC
TEST_0685,PCPG
TEST_0686,ACC
TEST_0687,COAD
TEST_0688,COAD
TEST_0689,OV
TEST_0690,UCEC
TEST_0691,BRCA
TEST_0692,OV
TEST_0693,THCA
TEST_0694,CESC
TEST_0695,KIPAN
TEST_0696,THYM
TEST_0697,SKCM
TEST_0698,ACC
TEST_0699,LAML
TEST_0700,THYM
TEST_0701,THCA
TEST_0702,THCA
TEST_0703,THCA
TEST_0704,BRCA
TEST_0705,UCEC
TEST_0706,LGG
TEST_0707,HNSC
TEST_0708,KIPAN
TEST_0709,STES
TEST_0710,THYM
TEST_0711,PCPG
TEST_0712,UCEC
TEST_0713,COAD
TEST_0714,PCPG
TEST_0715,PCPG
TEST_0716,LGG
TEST_0717,SKCM
TEST_0718,KIPAN
TEST_0719,KIPAN
TEST_0720,LAML
TEST_0721,COAD
TEST_0722,ACC
TEST_0723,BRCA
TEST_0724,CESC
TEST_0725,PRAD
TEST_0726,COAD
TEST_0727,LIHC
TEST_0728,OV
TEST_0729,KIPAN
TEST_0730,STES
TEST_0731,COAD
TEST_0732,COAD
TEST_0733,THCA
TEST_0734,COAD
TEST_0735,LGG
TEST_0736,THYM
TEST_0737,PCPG
TEST_0738,COAD
TEST_0739,BRCA
TEST_0740,THYM
TEST_0741,THCA
TEST_0742,BRCA
TEST_0743,UCEC
TEST_0744,COAD
TEST_0745,LAML
TEST_0746,OV
TEST_0747,SKCM
TEST_0748,BRCA
TEST_0749,COAD
TEST_0750,PCPG
TEST_0751,COAD
TEST_0752,PRAD
TEST_0753,ACC
TEST_0754,HNSC
TEST_0755,STES
TEST_0756,SKCM
TEST_0757,BRCA
TEST_0758,THCA
TEST_0759,COAD
TEST_0760,BRCA
TEST_0761,BRCA
TEST_0762,UCEC
TEST_0763,COAD
TEST_0764,COAD
TEST_0765,BRCA
TEST_0766,SKCM
TEST_0767,LAML
TEST_0768,COAD
TEST_0769,COAD
TEST_0770,GBMLGG
TEST_0771,SARC
TEST_0772,THYM
TEST_0773,THYM
TEST_0774,KIRC
TEST_0775,BRCA
TEST_0776,KIRC
TEST_0777,COAD
TEST_0778,HNSC
TEST_0779,BRCA
TEST_0780,THCA
TEST_0781,COAD
TEST_0782,BRCA
TEST_0783,THCA
TEST_0784,KIRC
TEST_0785,PCPG
TEST_0786,UCEC
TEST_0787,THYM
TEST_0788,SKCM
TEST_0789,UCEC
TEST_0790,HNSC
TEST_0791,GBMLGG
TEST_0792,COAD
TEST_0793,KIPAN
TEST_0794,KIRC
TEST_0795,COAD
TEST_0796,LAML
TEST_0797,BRCA
TEST_0798,THYM
TEST_0799,COAD
TEST_0800,KIRC
TEST_0801,KIRC
TEST_0802,TGCT
TEST_0803,COAD
TEST_0804,GBMLGG
TEST_0805,BRCA
TEST_0806,UCEC
TEST_0807,COAD
TEST_0808,COAD
TEST_0809,BRCA
TEST_0810,STES
TEST_0811,STES
TEST_0812,KIPAN
TEST_0813,SKCM
TEST_0814,CESC
TEST_0815,PRAD
TEST_0816,COAD
TEST_0817,COAD
TEST_0818,COAD
TEST_0819,PRAD
TEST_0820,COAD
TEST_0821,LGG
TEST_0822,COAD
TEST_0823,OV
TEST_0824,KIRC
TEST_0825,KIPAN
TEST_0826,BRCA
TEST_0827,KIRC
TEST_0828,BRCA
TEST_0829,COAD
TEST_0830,BRCA
TEST_0831,COAD
TEST_0832,GBMLGG
TEST_0833,PRAD
TEST_0834,LGG
TEST_0835,COAD
TEST_0836,KIRC
TEST_0837,KIPAN
TEST_0838,COAD
TEST_0839,HNSC
TEST_0840,OV
TEST_0841,COAD
TEST_0842,THCA
TEST_0843,BRCA
TEST_0844,KIRC
TEST_0845,BRCA
TEST_0846,LGG
TEST_0847,LIHC
TEST_0848,SKCM
TEST_0849,LUSC
TEST_0850,ACC
TEST_0851,THCA
TEST_0852,BRCA
TEST_0853,PRAD
TEST_0854,KIRC
TEST_0855,THYM
TEST_0856,THYM
TEST_0857,PRAD
TEST_0858,COAD
TEST_0859,COAD
TEST_0860,KIPAN
TEST_0861,STES
TEST_0862,BRCA
TEST_0863,COAD
TEST_0864,THYM
TEST_0865,PCPG
TEST_0866,STES
TEST_0867,OV
TEST_0868,COAD
TEST_0869,THYM
TEST_0870,COAD
TEST_0871,COAD
TEST_0872,SARC
TEST_0873,BRCA
TEST_0874,BRCA
TEST_0875,PRAD
TEST_0876,COAD
TEST_0877,SARC
TEST_0878,THYM
TEST_0879,THCA
TEST_0880,THYM
TEST_0881,HNSC
TEST_0882,COAD
TEST_0883,SKCM
TEST_0884,GBMLGG
TEST_0885,PRAD
TEST_0886,LGG
TEST_0887,BRCA
TEST_0888,COAD
TEST_0889,COAD
TEST_0890,COAD
TEST_0891,OV
TEST_0892,COAD
TEST_0893,LAML
TEST_0894,PCPG
TEST_0895,SKCM
TEST_0896,PAAD
TEST_0897,PCPG
TEST_0898,THYM
TEST_0899,THYM
TEST_0900,STES
TEST_0901,BRCA
TEST_0902,BRCA
TEST_0903,BRCA
TEST_0904,LAML
TEST_0905,BRCA
TEST_0906,SKCM
TEST_0907,UCEC
TEST_0908,SKCM
TEST_0909,COAD
TEST_0910,BRCA
TEST_0911,THYM
TEST_0912,HNSC
TEST_0913,SKCM
TEST_0914,STES
TEST_0915,COAD
TEST_0916,HNSC
TEST_0917,UCEC
TEST_0918,BRCA
TEST_0919,PRAD
TEST_0920,LAML
TEST_0921,BLCA
TEST_0922,SKCM
TEST_0923,GBMLGG
TEST_0924,BRCA
TEST_0925,KIPAN
TEST_0926,COAD
TEST_0927,BRCA
TEST_0928,SKCM
TEST_0929,KIPAN
TEST_0930,LIHC
TEST_0931,BRCA
TEST_0932,GBMLGG
TEST_0933,COAD
TEST_0934,BRCA
TEST_0935,THCA
TEST_0936,STES
TEST_0937,COAD
TEST_0938,GBMLGG
TEST_0939,COAD
TEST_0940,BRCA
TEST_0941,COAD
TEST_0942,PCPG
TEST_0943,UCEC
TEST_0944,PCPG
TEST_0945,HNSC
TEST_0946,THCA
TEST_0947,LGG
TEST_0948,PRAD
TEST_0949,COAD
TEST_0950,CESC
TEST_0951,LGG
TEST_0952,COAD
TEST_0953,BRCA
TEST_0954,LAML
TEST_0955,GBMLGG
TEST_0956,UCEC
TEST_0957,SKCM
TEST_0958,THYM
TEST_0959,COAD
TEST_0960,KIPAN
TEST_0961,BRCA
TEST_0962,SKCM
TEST_0963,COAD
TEST_0964,PAAD
TEST_0965,BRCA
TEST_0966,COAD
TEST_0967,SKCM
TEST_0968,HNSC
TEST_0969,COAD
TEST_0970,COAD
TEST_0971,LAML
TEST_0972,COAD
TEST_0973,KIPAN
TEST_0974,SARC
TEST_0975,GBMLGG
TEST_0976,LGG
TEST_0977,COAD
TEST_0978,HNSC
TEST_0979,THYM
TEST_0980,STES
TEST_0981,BRCA
TEST_0982,PCPG
TEST_0983,PCPG
TEST_0984,KIPAN
TEST_0985,COAD
TEST_0986,UCEC
TEST_0987,LGG
TEST_0988,LAML
TEST_0989,LIHC
TEST_0990,PCPG
TEST_0991,PAAD
TEST_0992,GBMLGG
TEST_0993,ACC
TEST_0994,TGCT
TEST_0995,KIPAN
TEST_0996,COAD
TEST_0997,BRCA
TEST_0998,PCPG
TEST_0999,UCEC
TEST_1000,THCA
TEST_1001,COAD
TEST_1002,BRCA
TEST_1003,COAD
TEST_1004,KIPAN
TEST_1005,THCA
TEST_1006,COAD
TEST_1007,COAD
TEST_1008,BRCA
TEST_1009,SKCM
TEST_1010,SKCM
TEST_1011,BRCA
TEST_1012,THYM
TEST_1013,KIRC
TEST_1014,COAD
TEST_1015,KIPAN
TEST_1016,THCA
TEST_1017,GBMLGG
TEST_1018,BRCA
TEST_1019,UCEC
TEST_1020,BRCA
TEST_1021,KIPAN
TEST_1022,THYM
TEST_1023,THYM
TEST_1024,SKCM
TEST_1025,GBMLGG
TEST_1026,THYM
TEST_1027,COAD
TEST_1028,BRCA
TEST_1029,THYM
TEST_1030,LGG
TEST_1031,COAD
TEST_1032,THCA
TEST_1033,THYM
TEST_1034,KIPAN
TEST_1035,KIRC
TEST_1036,LUAD
TEST_1037,LGG
TEST_1038,BRCA
TEST_1039,STES
TEST_1040,COAD
TEST_1041,COAD
TEST_1042,BRCA
TEST_1043,KIPAN
TEST_1044,CESC
TEST_1045,BLCA
TEST_1046,KIRC
TEST_1047,SARC
TEST_1048,BRCA
TEST_1049,SKCM
TEST_1050,SKCM
TEST_1051,COAD
TEST_1052,COAD
TEST_1053,BRCA
TEST_1054,COAD
TEST_1055,THYM
TEST_1056,BRCA
TEST_1057,ACC
TEST_1058,LUAD
TEST_1059,OV
TEST_1060,COAD
TEST_1061,SARC
TEST_1062,COAD
TEST_1063,BRCA
TEST_1064,SKCM
TEST_1065,PCPG
TEST_1066,SARC
TEST_1067,BRCA
TEST_1068,THCA
TEST_1069,COAD
TEST_1070,ACC
TEST_1071,KIRC
TEST_1072,KIPAN
TEST_1073,COAD
TEST_1074,UCEC
TEST_1075,SKCM
TEST_1076,BRCA
TEST_1077,UCEC
TEST_1078,THYM
TEST_1079,GBMLGG
TEST_1080,SKCM
TEST_1081,SKCM
TEST_1082,THCA
TEST_1083,HNSC
TEST_1084,GBMLGG
TEST_1085,PCPG
TEST_1086,COAD
TEST_1087,BRCA
TEST_1088,UCEC
TEST_1089,SARC
TEST_1090,LGG
TEST_1091,BRCA
TEST_1092,PCPG
TEST_1093,THYM
TEST_1094,BRCA
TEST_1095,LAML
TEST_1096,BRCA
TEST_1097,COAD
TEST_1098,BRCA
TEST_1099,LGG
TEST_1100,COAD
TEST_1101,KIPAN
TEST_1102,PRAD
TEST_1103,SKCM
TEST_1104,BRCA
TEST_1105,COAD
TEST_1106,THCA
TEST_1107,GBMLGG
TEST_1108,SKCM
TEST_1109,BRCA
TEST_1110,SARC
TEST_1111,GBMLGG
TEST_1112,GBMLGG
TEST_1113,KIRC
TEST_1114,SARC
TEST_1115,HNSC
TEST_1116,GBMLGG
TEST_1117,BRCA
TEST_1118,THYM
TEST_1119,COAD
TEST_1120,COAD
TEST_1121,PRAD
TEST_1122,THCA
TEST_1123,SKCM
TEST_1124,COAD
TEST_1125,COAD
TEST_1126,UCEC
TEST_1127,KIRC
TEST_1128,PCPG
TEST_1129,COAD
TEST_1130,GBMLGG
TEST_1131,STES
TEST_1132,LAML
TEST_1133,COAD
TEST_1134,BRCA
TEST_1135,BRCA
TEST_1136,GBMLGG
TEST_1137,SKCM
TEST_1138,KIPAN
TEST_1139,KIPAN
TEST_1140,PRAD
TEST_1141,UCEC
TEST_1142,GBMLGG
TEST_1143,BRCA
TEST_1144,COAD
TEST_1145,SKCM
TEST_1146,HNSC
TEST_1147,COAD
TEST_1148,COAD
TEST_1149,COAD
TEST_1150,THYM
TEST_1151,COAD
TEST_1152,COAD
TEST_1153,BRCA
TEST_1154,PRAD
TEST_1155,GBMLGG
TEST_1156,COAD
TEST_1157,PCPG
TEST_1158,LIHC
TEST_1159,COAD
TEST_1160,GBMLGG
TEST_1161,COAD
TEST_1162,UCEC
TEST_1163,SKCM
TEST_1164,BRCA
TEST_1165,COAD
TEST_1166,COAD
TEST_1167,BRCA
TEST_1168,PCPG
TEST_1169,KIPAN
TEST_1170,KIPAN
TEST_1171,BRCA
TEST_1172,COAD
TEST_1173,COAD
TEST_1174,BRCA
TEST_1175,UCEC
TEST_1176,PRAD
TEST_1177,LGG
TEST_1178,SKCM
TEST_1179,SKCM
TEST_1180,GBMLGG
TEST_1181,THYM
TEST_1182,COAD
TEST_1183,THYM
TEST_1184,KIRC
TEST_1185,GBMLGG
TEST_1186,COAD
TEST_1187,COAD
TEST_1188,HNSC
TEST_1189,KIRC
TEST_1190,THCA
TEST_1191,THCA
TEST_1192,BRCA
TEST_1193,COAD
TEST_1194,UCEC
TEST_1195,COAD
TEST_1196,OV
TEST_1197,THCA
TEST_1198,SKCM
TEST_1199,SARC
TEST_1200,HNSC
TEST_1201,BRCA
TEST_1202,KIPAN
TEST_1203,COAD
TEST_1204,TGCT
TEST_1205,GBMLGG
TEST_1206,COAD
TEST_1207,GBMLGG
TEST_1208,UCEC
TEST_1209,SKCM
TEST_1210,OV
TEST_1211,THCA
TEST_1212,LAML
TEST_1213,BRCA
TEST_1214,COAD
TEST_1215,GBMLGG
TEST_1216,LUSC
TEST_1217,STES
TEST_1218,COAD
TEST_1219,PRAD
TEST_1220,LUAD
TEST_1221,BRCA
TEST_1222,UCEC
TEST_1223,COAD
TEST_1224,COAD
TEST_1225,BLCA
TEST_1226,UCEC
TEST_1227,KIPAN
TEST_1228,BRCA
TEST_1229,KIPAN
TEST_1230,LAML
TEST_1231,COAD
TEST_1232,KIRC
TEST_1233,STES
TEST_1234,TGCT
TEST_1235,LGG
TEST_1236,BRCA
TEST_1237,BRCA
TEST_1238,KIPAN
TEST_1239,KIPAN
TEST_1240,COAD
TEST_1241,SARC
TEST_1242,BRCA
TEST_1243,PRAD
TEST_1244,PRAD
TEST_1245,BRCA
TEST_1246,BRCA
TEST_1247,LUAD
TEST_1248,BRCA
TEST_1249,THYM
TEST_1250,COAD
TEST_1251,COAD
TEST_1252,KIRC
TEST_1253,BRCA
TEST_1254,COAD
TEST_1255,COAD
TEST_1256,KIRC
TEST_1257,KIPAN
TEST_1258,BRCA
TEST_1259,COAD
TEST_1260,BRCA
TEST_1261,LGG
TEST_1262,HNSC
TEST_1263,THCA
TEST_1264,BRCA
TEST_1265,UCEC
TEST_1266,THYM
TEST_1267,THYM
TEST_1268,HNSC
TEST_1269,THYM
TEST_1270,COAD
TEST_1271,COAD
TEST_1272,SKCM
TEST_1273,SARC
TEST_1274,COAD
TEST_1275,GBMLGG
TEST_1276,OV
TEST_1277,COAD
TEST_1278,KIRC
TEST_1279,BRCA
TEST_1280,HNSC
TEST_1281,THCA
TEST_1282,GBMLGG
TEST_1283,BRCA
TEST_1284,COAD
TEST_1285,SARC
TEST_1286,GBMLGG
TEST_1287,THCA
TEST_1288,COAD
TEST_1289,HNSC
TEST_1290,THYM
TEST_1291,STES
TEST_1292,STES
TEST_1293,GBMLGG
TEST_1294,THYM
TEST_1295,THCA
TEST_1296,TGCT
TEST_1297,STES
TEST_1298,COAD
TEST_1299,HNSC
TEST_1300,COAD
TEST_1301,KIRC
TEST_1302,SKCM
TEST_1303,GBMLGG
TEST_1304,SKCM
TEST_1305,LGG
TEST_1306,SKCM
TEST_1307,COAD
TEST_1308,BRCA
TEST_1309,PCPG
TEST_1310,COAD
TEST_1311,PRAD
TEST_1312,BRCA
TEST_1313,COAD
TEST_1314,PCPG
TEST_1315,STES
TEST_1316,COAD
TEST_1317,LAML
TEST_1318,THCA
TEST_1319,ACC
TEST_1320,BRCA
TEST_1321,BRCA
TEST_1322,HNSC
TEST_1323,BRCA
TEST_1324,COAD
TEST_1325,ACC
TEST_1326,LAML
TEST_1327,SARC
TEST_1328,SKCM
TEST_1329,LGG
TEST_1330,BRCA
TEST_1331,THYM
TEST_1332,BRCA
TEST_1333,BRCA
TEST_1334,HNSC
TEST_1335,OV
TEST_1336,COAD
TEST_1337,STES
TEST_1338,THYM
TEST_1339,COAD
TEST_1340,THCA
TEST_1341,STES
TEST_1342,SKCM
TEST_1343,COAD
TEST_1344,KIRC
TEST_1345,COAD
TEST_1346,GBMLGG
TEST_1347,CESC
TEST_1348,LAML
TEST_1349,KIPAN
TEST_1350,COAD
TEST_1351,STES
TEST_1352,LAML
TEST_1353,BRCA
TEST_1354,KIPAN
TEST_1355,CESC
TEST_1356,COAD
TEST_1357,COAD
TEST_1358,OV
TEST_1359,KIPAN
TEST_1360,GBMLGG
TEST_1361,BRCA
TEST_1362,BRCA
TEST_1363,SKCM
TEST_1364,GBMLGG
TEST_1365,LGG
TEST_1366,SKCM
TEST_1367,BRCA
TEST_1368,PCPG
TEST_1369,KIPAN
TEST_1370,COAD
TEST_1371,LGG
TEST_1372,COAD
TEST_1373,COAD
TEST_1374,SKCM
TEST_1375,HNSC
TEST_1376,BRCA
TEST_1377,LAML
TEST_1378,PRAD
TEST_1379,COAD
TEST_1380,KIRC
TEST_1381,COAD
TEST_1382,COAD
TEST_1383,GBMLGG
TEST_1384,THCA
TEST_1385,STES
TEST_1386,COAD
TEST_1387,PCPG
TEST_1388,THCA
TEST_1389,STES
TEST_1390,LAML
TEST_1391,THCA
TEST_1392,SKCM
TEST_1393,KIPAN
TEST_1394,LGG
TEST_1395,LGG
TEST_1396,LUSC
TEST_1397,GBMLGG
TEST_1398,ACC
TEST_1399,GBMLGG
TEST_1400,PCPG
TEST_1401,GBMLGG
TEST_1402,ACC
TEST_1403,BRCA
TEST_1404,SKCM
TEST_1405,HNSC
TEST_1406,COAD
TEST_1407,BRCA
TEST_1408,KIRC
TEST_1409,SKCM
TEST_1410,BRCA
TEST_1411,GBMLGG
TEST_1412,ACC
TEST_1413,KIPAN
TEST_1414,BRCA
TEST_1415,COAD
TEST_1416,DLBC
TEST_1417,COAD
TEST_1418,BRCA
TEST_1419,PRAD
TEST_1420,COAD
TEST_1421,LGG
TEST_1422,STES
TEST_1423,GBMLGG
TEST_1424,GBMLGG
TEST_1425,BRCA
TEST_1426,KIRC
TEST_1427,COAD
TEST_1428,KIPAN
TEST_1429,COAD
TEST_1430,BLCA
TEST_1431,COAD
TEST_1432,UCEC
TEST_1433,THYM
TEST_1434,PRAD
TEST_1435,THCA
TEST_1436,BRCA
TEST_1437,THYM
TEST_1438,SKCM
TEST_1439,COAD
TEST_1440,COAD
TEST_1441,UCEC
TEST_1442,BRCA
TEST_1443,BRCA
TEST_1444,PCPG
TEST_1445,COAD
TEST_1446,SKCM
TEST_1447,THCA
TEST_1448,COAD
TEST_1449,COAD
TEST_1450,TGCT
TEST_1451,COAD
TEST_1452,GBMLGG
TEST_1453,COAD
TEST_1454,BRCA
TEST_1455,LAML
TEST_1456,COAD
TEST_1457,BRCA
TEST_1458,STES
TEST_1459,COAD
TEST_1460,LGG
TEST_1461,BRCA
TEST_1462,SKCM
TEST_1463,HNSC
TEST_1464,HNSC
TEST_1465,THCA
TEST_1466,BRCA
TEST_1467,GBMLGG
TEST_1468,THCA
TEST_1469,UCEC
TEST_1470,COAD
TEST_1471,COAD
TEST_1472,LIHC
TEST_1473,COAD
TEST_1474,COAD
TEST_1475,THCA
TEST_1476,HNSC
TEST_1477,COAD
TEST_1478,COAD
TEST_1479,THYM
TEST_1480,SKCM
TEST_1481,COAD
TEST_1482,COAD
TEST_1483,COAD
TEST_1484,ACC
TEST_1485,BRCA
TEST_1486,HNSC
TEST_1487,THCA
TEST_1488,SKCM
TEST_1489,COAD
TEST_1490,GBMLGG
TEST_1491,PRAD
TEST_1492,PRAD
TEST_1493,BRCA
TEST_1494,BRCA
TEST_1495,GBMLGG
TEST_1496,LAML
TEST_1497,OV
TEST_1498,COAD
TEST_1499,GBMLGG
TEST_1500,LAML
TEST_1501,BLCA
TEST_1502,SARC
TEST_1503,LAML
TEST_1504,LGG
TEST_1505,COAD
TEST_1506,COAD
TEST_1507,CESC
TEST_1508,COAD
TEST_1509,GBMLGG
TEST_1510,COAD
TEST_1511,COAD
TEST_1512,BRCA
TEST_1513,COAD
TEST_1514,BRCA
TEST_1515,PRAD
TEST_1516,GBMLGG
TEST_1517,GBMLGG
TEST_1518,BRCA
TEST_1519,SKCM
TEST_1520,THYM
TEST_1521,PRAD
TEST_1522,COAD
TEST_1523,BRCA
TEST_1524,HNSC
TEST_1525,SKCM
TEST_1526,LIHC
TEST_1527,THCA
TEST_1528,GBMLGG
TEST_1529,LUSC
TEST_1530,KIPAN
TEST_1531,PRAD
TEST_1532,THYM
TEST_1533,BRCA
TEST_1534,BRCA
TEST_1535,SKCM
TEST_1536,BRCA
TEST_1537,COAD
TEST_1538,KIRC
TEST_1539,KIRC
TEST_1540,COAD
TEST_1541,SKCM
TEST_1542,THYM
TEST_1543,SKCM
TEST_1544,BRCA
TEST_1545,KIRC
TEST_1546,LIHC
TEST_1547,BRCA
TEST_1548,COAD
TEST_1549,KIRC
TEST_1550,BRCA
TEST_1551,COAD
TEST_1552,PRAD
TEST_1553,COAD
TEST_1554,THYM
TEST_1555,THYM
TEST_1556,UCEC
TEST_1557,KIPAN
TEST_1558,THCA
TEST_1559,SKCM
TEST_1560,THYM
TEST_1561,PRAD
TEST_1562,PCPG
TEST_1563,COAD
TEST_1564,OV
TEST_1565,KIRC
TEST_1566,THCA
TEST_1567,LGG
TEST_1568,PCPG
TEST_1569,SKCM
TEST_1570,BRCA
TEST_1571,LAML
TEST_1572,GBMLGG
TEST_1573,BRCA
TEST_1574,PRAD
TEST_1575,KIRC
TEST_1576,SKCM
TEST_1577,BRCA
TEST_1578,KIPAN
TEST_1579,THCA
TEST_1580,KIRC
TEST_1581,BRCA
TEST_1582,COAD
TEST_1583,COAD
TEST_1584,BRCA
TEST_1585,THYM
TEST_1586,BRCA
TEST_1587,BRCA
TEST_1588,PRAD
TEST_1589,COAD
TEST_1590,SKCM
TEST_1591,COAD
TEST_1592,LAML
TEST_1593,COAD
TEST_1594,ACC
TEST_1595,GBMLGG
TEST_1596,COAD
TEST_1597,BRCA
TEST_1598,SKCM
TEST_1599,UCEC
TEST_1600,HNSC
TEST_1601,COAD
TEST_1602,COAD
TEST_1603,LAML
TEST_1604,COAD
TEST_1605,HNSC
TEST_1606,HNSC
TEST_1607,COAD
TEST_1608,COAD
TEST_1609,BRCA
TEST_1610,PRAD
TEST_1611,SKCM
TEST_1612,GBMLGG
TEST_1613,GBMLGG
TEST_1614,BRCA
TEST_1615,HNSC
TEST_1616,PCPG
TEST_1617,TGCT
TEST_1618,UCEC
TEST_1619,SKCM
TEST_1620,HNSC
TEST_1621,COAD
TEST_1622,THYM
TEST_1623,COAD
TEST_1624,UCEC
TEST_1625,KIRC
TEST_1626,PCPG
TEST_1627,BRCA
TEST_1628,HNSC
TEST_1629,STES
TEST_1630,KIPAN
TEST_1631,UCEC
TEST_1632,GBMLGG
TEST_1633,BRCA
TEST_1634,THYM
TEST_1635,HNSC
TEST_1636,SKCM
TEST_1637,KIPAN
TEST_1638,OV
TEST_1639,THYM
TEST_1640,LGG
TEST_1641,BRCA
TEST_1642,COAD
TEST_1643,SKCM
TEST_1644,COAD
TEST_1645,BLCA
TEST_1646,KIPAN
TEST_1647,COAD
TEST_1648,THYM
TEST_1649,GBMLGG
TEST_1650,COAD
TEST_1651,STES
TEST_1652,COAD
TEST_1653,KIPAN
TEST_1654,COAD
TEST_1655,COAD
TEST_1656,THYM
TEST_1657,GBMLGG
TEST_1658,PRAD
TEST_1659,COAD
TEST_1660,SKCM
TEST_1661,BRCA
TEST_1662,OV
TEST_1663,GBMLGG
TEST_1664,SKCM
TEST_1665,KIPAN
TEST_1666,OV
TEST_1667,OV
TEST_1668,HNSC
TEST_1669,SKCM
TEST_1670,COAD
TEST_1671,BRCA
TEST_1672,COAD
TEST_1673,COAD
TEST_1674,COAD
TEST_1675,GBMLGG
TEST_1676,COAD
TEST_1677,PRAD
TEST_1678,TGCT
TEST_1679,LAML
TEST_1680,CESC
TEST_1681,KIPAN
TEST_1682,GBMLGG
TEST_1683,COAD
TEST_1684,GBMLGG
TEST_1685,BRCA
TEST_1686,PCPG
TEST_1687,COAD
TEST_1688,UCEC
TEST_1689,COAD
TEST_1690,THYM
TEST_1691,COAD
TEST_1692,THCA
TEST_1693,GBMLGG
TEST_1694,COAD
TEST_1695,BRCA
TEST_1696,THYM
TEST_1697,LAML
TEST_1698,OV
TEST_1699,PCPG
TEST_1700,GBMLGG
TEST_1701,THYM
TEST_1702,LGG
TEST_1703,STES
TEST_1704,KIRC
TEST_1705,COAD
TEST_1706,BRCA
TEST_1707,BRCA
TEST_1708,PCPG
TEST_1709,BRCA
TEST_1710,GBMLGG
TEST_1711,PCPG
TEST_1712,PAAD
TEST_1713,OV
TEST_1714,COAD
TEST_1715,KIRC
TEST_1716,HNSC
TEST_1717,OV
TEST_1718,COAD
TEST_1719,TGCT
TEST_1720,COAD
TEST_1721,STES
TEST_1722,ACC
TEST_1723,BRCA
TEST_1724,COAD
TEST_1725,COAD
TEST_1726,ACC
TEST_1727,BRCA
TEST_1728,THCA
TEST_1729,LGG
TEST_1730,STES
TEST_1731,KIRC
TEST_1732,OV
TEST_1733,BRCA
TEST_1734,GBMLGG
TEST_1735,BRCA
TEST_1736,PCPG
TEST_1737,BRCA
TEST_1738,BRCA
TEST_1739,COAD
TEST_1740,BRCA
TEST_1741,LAML
TEST_1742,STES
TEST_1743,STES
TEST_1744,HNSC
TEST_1745,PRAD
TEST_1746,COAD
TEST_1747,SARC
TEST_1748,THCA
TEST_1749,BRCA
TEST_1750,PRAD
TEST_1751,SKCM
TEST_1752,COAD
TEST_1753,LGG
TEST_1754,GBMLGG
TEST_1755,THYM
TEST_1756,PRAD
TEST_1757,GBMLGG
TEST_1758,THCA
TEST_1759,PRAD
TEST_1760,THYM
TEST_1761,KIRC
TEST_1762,COAD
TEST_1763,HNSC
TEST_1764,COAD
TEST_1765,UCEC
TEST_1766,COAD
TEST_1767,UCEC
TEST_1768,BRCA
TEST_1769,BRCA
TEST_1770,THYM
TEST_1771,SKCM
TEST_1772,BRCA
TEST_1773,SKCM
TEST_1774,THCA
TEST_1775,OV
TEST_1776,BRCA
TEST_1777,BRCA
TEST_1778,GBMLGG
TEST_1779,PRAD
TEST_1780,BRCA
TEST_1781,HNSC
TEST_1782,LIHC
TEST_1783,UCEC
TEST_1784,PRAD
TEST_1785,THYM
TEST_1786,STES
TEST_1787,COAD
TEST_1788,ACC
TEST_1789,ACC
TEST_1790,BRCA
TEST_1791,BRCA
TEST_1792,ACC
TEST_1793,KIPAN
TEST_1794,SKCM
TEST_1795,SKCM
TEST_1796,LAML
TEST_1797,LUSC
TEST_1798,SARC
TEST_1799,COAD
TEST_1800,GBMLGG
TEST_1801,BRCA
TEST_1802,THYM
TEST_1803,COAD
TEST_1804,LAML
TEST_1805,BRCA
TEST_1806,KIPAN
TEST_1807,THCA
TEST_1808,PRAD
TEST_1809,COAD
TEST_1810,SARC
TEST_1811,HNSC
TEST_1812,KIPAN
TEST_1813,HNSC
TEST_1814,COAD
TEST_1815,COAD
TEST_1816,LAML
TEST_1817,SKCM
TEST_1818,CESC
TEST_1819,TGCT
TEST_1820,UCEC
TEST_1821,GBMLGG
TEST_1822,LAML
TEST_1823,STES
TEST_1824,COAD
TEST_1825,UCEC
TEST_1826,LAML
TEST_1827,THYM
TEST_1828,PRAD
TEST_1829,STES
TEST_1830,THYM
TEST_1831,BRCA
TEST_1832,THYM
TEST_1833,KIRC
TEST_1834,LAML
TEST_1835,PAAD
TEST_1836,BRCA
TEST_1837,SKCM
TEST_1838,HNSC
TEST_1839,COAD
TEST_1840,BRCA
TEST_1841,OV
TEST_1842,STES
TEST_1843,UCEC
TEST_1844,BRCA
TEST_1845,BRCA
TEST_1846,GBMLGG
TEST_1847,LAML
TEST_1848,KIPAN
TEST_1849,LGG
TEST_1850,COAD
TEST_1851,LAML
TEST_1852,ACC
TEST_1853,THCA
TEST_1854,LUSC
TEST_1855,LAML
TEST_1856,THCA
TEST_1857,UCEC
TEST_1858,THYM
TEST_1859,KIPAN
TEST_1860,LUSC
TEST_1861,LUAD
TEST_1862,STES
TEST_1863,SKCM
TEST_1864,STES
TEST_1865,THYM
TEST_1866,THYM
TEST_1867,COAD
TEST_1868,OV
TEST_1869,UCEC
TEST_1870,COAD
TEST_1871,PRAD
TEST_1872,BRCA
TEST_1873,LUSC
TEST_1874,KIPAN
TEST_1875,LGG
TEST_1876,STES
TEST_1877,BRCA
TEST_1878,COAD
TEST_1879,KIPAN
TEST_1880,BRCA
TEST_1881,PRAD
TEST_1882,KIRC
TEST_1883,THCA
TEST_1884,KIRC
TEST_1885,PRAD
TEST_1886,BRCA
TEST_1887,STES
TEST_1888,COAD
TEST_1889,COAD
TEST_1890,COAD
TEST_1891,GBMLGG
TEST_1892,LGG
TEST_1893,BRCA
TEST_1894,BRCA
TEST_1895,BRCA
TEST_1896,KIRC
TEST_1897,COAD
TEST_1898,GBMLGG
TEST_1899,BRCA
TEST_1900,BLCA
TEST_1901,COAD
TEST_1902,THYM
TEST_1903,SKCM
TEST_1904,KIPAN
TEST_1905,SARC
TEST_1906,UCEC
TEST_1907,KIPAN
TEST_1908,STES
TEST_1909,LGG
TEST_1910,GBMLGG
TEST_1911,BRCA
TEST_1912,LIHC
TEST_1913,BRCA
TEST_1914,SKCM
TEST_1915,COAD
TEST_1916,COAD
TEST_1917,KIPAN
TEST_1918,KIPAN
TEST_1919,KIRC
TEST_1920,GBMLGG
TEST_1921,COAD
TEST_1922,UCEC
TEST_1923,ACC
TEST_1924,STES
TEST_1925,GBMLGG
TEST_1926,THYM
TEST_1927,COAD
TEST_1928,COAD
TEST_1929,LGG
TEST_1930,PCPG
TEST_1931,LGG
TEST_1932,GBMLGG
TEST_1933,THCA
TEST_1934,COAD
TEST_1935,CESC
TEST_1936,LGG
TEST_1937,GBMLGG
TEST_1938,COAD
TEST_1939,PCPG
TEST_1940,BRCA
TEST_1941,BRCA
TEST_1942,COAD
TEST_1943,PRAD
TEST_1944,BRCA
TEST_1945,COAD
TEST_1946,BRCA
TEST_1947,SKCM
TEST_1948,THCA
TEST_1949,PRAD
TEST_1950,PCPG
TEST_1951,PAAD
TEST_1952,PRAD
TEST_1953,SKCM
TEST_1954,COAD
TEST_1955,PCPG
TEST_1956,KIPAN
TEST_1957,COAD
TEST_1958,COAD
TEST_1959,BRCA
TEST_1960,BRCA
TEST_1961,PCPG
TEST_1962,BRCA
TEST_1963,COAD
TEST_1964,HNSC
TEST_1965,THYM
TEST_1966,UCEC
TEST_1967,COAD
TEST_1968,DLBC
TEST_1969,LIHC
TEST_1970,BRCA
TEST_1971,BRCA
TEST_1972,BRCA
TEST_1973,KIPAN
TEST_1974,PCPG
TEST_1975,BRCA
TEST_1976,KIPAN
TEST_1977,THYM
TEST_1978,LAML
TEST_1979,LAML
TEST_1980,BRCA
TEST_1981,HNSC
TEST_1982,PRAD
TEST_1983,KIPAN
TEST_1984,HNSC
TEST_1985,BRCA
TEST_1986,THCA
TEST_1987,SKCM
TEST_1988,COAD
TEST_1989,BRCA
TEST_1990,PCPG
TEST_1991,COAD
TEST_1992,KIPAN
TEST_1993,BRCA
TEST_1994,STES
TEST_1995,COAD
TEST_1996,COAD
TEST_1997,THCA
TEST_1998,GBMLGG
TEST_1999,SKCM
TEST_2000,COAD
TEST_2001,LIHC
TEST_2002,HNSC
TEST_2003,OV
TEST_2004,COAD
TEST_2005,BRCA
TEST_2006,BRCA
TEST_2007,THYM
TEST_2008,BRCA
TEST_2009,BRCA
TEST_2010,PRAD
TEST_2011,COAD
TEST_2012,KIRC
TEST_2013,ACC
TEST_2014,KIPAN
TEST_2015,PRAD
TEST_2016,SARC
TEST_2017,THYM
TEST_2018,COAD
TEST_2019,COAD
TEST_2020,COAD
TEST_2021,PRAD
TEST_2022,KIRC
TEST_2023,UCEC
TEST_2024,KIRC
TEST_2025,COAD
TEST_2026,GBMLGG
TEST_2027,LGG
TEST_2028,SKCM
TEST_2029,KIPAN
TEST_2030,KIRC
TEST_2031,BRCA
TEST_2032,BRCA
TEST_2033,COAD
TEST_2034,COAD
TEST_2035,THYM
TEST_2036,COAD
TEST_2037,COAD
TEST_2038,STES
TEST_2039,KIRC
TEST_2040,STES
TEST_2041,SARC
TEST_2042,BRCA
TEST_2043,COAD
TEST_2044,GBMLGG
TEST_2045,BRCA
TEST_2046,THYM
TEST_2047,OV
TEST_2048,SKCM
TEST_2049,THCA
TEST_2050,SARC
TEST_2051,BRCA
TEST_2052,BRCA
TEST_2053,COAD
TEST_2054,SKCM
TEST_2055,THCA
TEST_2056,KIPAN
TEST_2057,CESC
TEST_2058,BRCA
TEST_2059,THYM
TEST_2060,COAD
TEST_2061,COAD
TEST_2062,COAD
TEST_2063,SKCM
TEST_2064,THCA
TEST_2065,PAAD
TEST_2066,THCA
TEST_2067,COAD
TEST_2068,COAD
TEST_2069,LAML
TEST_2070,COAD
TEST_2071,PRAD
TEST_2072,BRCA
TEST_2073,SKCM
TEST_2074,THCA
TEST_2075,ACC
TEST_2076,THCA
TEST_2077,STES
TEST_2078,UCEC
TEST_2079,BRCA
TEST_2080,BRCA
TEST_2081,KIPAN
TEST_2082,PCPG
TEST_2083,KIPAN
TEST_2084,LIHC
TEST_2085,COAD
TEST_2086,KIRC
TEST_2087,BRCA
TEST_2088,COAD
TEST_2089,THYM
TEST_2090,COAD
TEST_2091,THYM
TEST_2092,UCEC
TEST_2093,KIRC
TEST_2094,PCPG
TEST_2095,PCPG
TEST_2096,LGG
TEST_2097,COAD
TEST_2098,PCPG
TEST_2099,CESC
TEST_2100,ACC
TEST_2101,COAD
TEST_2102,STES
TEST_2103,COAD
TEST_2104,COAD
TEST_2105,SKCM
TEST_2106,GBMLGG
TEST_2107,KIPAN
TEST_2108,COAD
TEST_2109,COAD
TEST_2110,LIHC
TEST_2111,COAD
TEST_2112,BRCA
TEST_2113,PRAD
TEST_2114,THYM
TEST_2115,BRCA
TEST_2116,BRCA
TEST_2117,THYM
TEST_2118,THYM
TEST_2119,COAD
TEST_2120,KIPAN
TEST_2121,COAD
TEST_2122,BRCA
TEST_2123,COAD
TEST_2124,BLCA
TEST_2125,UCEC
TEST_2126,BRCA
TEST_2127,BRCA
TEST_2128,OV
TEST_2129,LAML
TEST_2130,COAD
TEST_2131,BRCA
TEST_2132,THYM
TEST_2133,COAD
TEST_2134,KIPAN
TEST_2135,COAD
TEST_2136,GBMLGG
TEST_2137,SKCM
TEST_2138,SKCM
TEST_2139,BRCA
TEST_2140,SKCM
TEST_2141,BRCA
TEST_2142,BLCA
TEST_2143,LIHC
TEST_2144,HNSC
TEST_2145,COAD
TEST_2146,KIRC
TEST_2147,SARC
TEST_2148,COAD
TEST_2149,COAD
TEST_2150,LAML
TEST_2151,THYM
TEST_2152,COAD
TEST_2153,THYM
TEST_2154,BRCA
TEST_2155,ACC
TEST_2156,OV
TEST_2157,HNSC
TEST_2158,ACC
TEST_2159,UCEC
TEST_2160,STES
TEST_2161,LAML
TEST_2162,LAML
TEST_2163,LGG
TEST_2164,THYM
TEST_2165,LGG
TEST_2166,SKCM
TEST_2167,LGG
TEST_2168,BRCA
TEST_2169,BRCA
TEST_2170,BRCA
TEST_2171,COAD
TEST_2172,COAD
TEST_2173,SKCM
TEST_2174,KIRC
TEST_2175,BRCA
TEST_2176,GBMLGG
TEST_2177,SKCM
TEST_2178,GBMLGG
TEST_2179,PRAD
TEST_2180,COAD
TEST_2181,THCA
TEST_2182,KIPAN
TEST_2183,BRCA
TEST_2184,BRCA
TEST_2185,THCA
TEST_2186,BRCA
TEST_2187,COAD
TEST_2188,KIPAN
TEST_2189,SKCM
TEST_2190,SKCM
TEST_2191,BRCA
TEST_2192,PRAD
TEST_2193,OV
TEST_2194,COAD
TEST_2195,SKCM
TEST_2196,ACC
TEST_2197,COAD
TEST_2198,BRCA
TEST_2199,SKCM
TEST_2200,COAD
TEST_2201,THCA
TEST_2202,SKCM
TEST_2203,COAD
TEST_2204,BRCA
TEST_2205,THCA
TEST_2206,HNSC
TEST_2207,PCPG
TEST_2208,COAD
TEST_2209,COAD
TEST_2210,THYM
TEST_2211,BRCA
TEST_2212,SARC
TEST_2213,BRCA
TEST_2214,UCEC
TEST_2215,KIPAN
TEST_2216,OV
TEST_2217,COAD
TEST_2218,HNSC
TEST_2219,COAD
TEST_2220,BRCA
TEST_2221,GBMLGG
TEST_2222,LAML
TEST_2223,BRCA
TEST_2224,ACC
TEST_2225,UCEC
TEST_2226,PAAD
TEST_2227,SKCM
TEST_2228,COAD
TEST_2229,SKCM
TEST_2230,BRCA
TEST_2231,COAD
TEST_2232,ACC
TEST_2233,THCA
TEST_2234,COAD
TEST_2235,GBMLGG
TEST_2236,SKCM
TEST_2237,COAD
TEST_2238,BRCA
TEST_2239,LAML
TEST_2240,LIHC
TEST_2241,PRAD
TEST_2242,COAD
TEST_2243,KIPAN
TEST_2244,COAD
TEST_2245,KIRC
TEST_2246,LIHC
TEST_2247,TGCT
TEST_2248,HNSC
TEST_2249,BRCA
TEST_2250,COAD
TEST_2251,THYM
TEST_2252,UCEC
TEST_2253,COAD
TEST_2254,BRCA
TEST_2255,SARC
TEST_2256,HNSC
TEST_2257,THYM
TEST_2258,THYM
TEST_2259,COAD
TEST_2260,BRCA
TEST_2261,UCEC
TEST_2262,GBMLGG
TEST_2263,THCA
TEST_2264,GBMLGG
TEST_2265,BRCA
TEST_2266,ACC
TEST_2267,BRCA
TEST_2268,THCA
TEST_2269,COAD
TEST_2270,STES
TEST_2271,BRCA
TEST_2272,GBMLGG
TEST_2273,UCEC
TEST_2274,THYM
TEST_2275,LAML
TEST_2276,GBMLGG
TEST_2277,COAD
TEST_2278,BRCA
TEST_2279,PRAD
TEST_2280,COAD
TEST_2281,THYM
TEST_2282,COAD
TEST_2283,STES
TEST_2284,BLCA
TEST_2285,COAD
TEST_2286,HNSC
TEST_2287,OV
TEST_2288,BRCA
TEST_2289,SKCM
TEST_2290,COAD
TEST_2291,DLBC
TEST_2292,KIPAN
TEST_2293,PRAD
TEST_2294,GBMLGG
TEST_2295,OV
TEST_2296,COAD
TEST_2297,LAML
TEST_2298,COAD
TEST_2299,STES
TEST_2300,GBMLGG
TEST_2301,COAD
TEST_2302,COAD
TEST_2303,LAML
TEST_2304,COAD
TEST_2305,COAD
TEST_2306,UCEC
TEST_2307,LGG
TEST_2308,GBMLGG
TEST_2309,LUSC
TEST_2310,BLCA
TEST_2311,COAD
TEST_2312,SKCM
TEST_2313,PCPG
TEST_2314,KIRC
TEST_2315,ACC
TEST_2316,COAD
TEST_2317,LAML
TEST_2318,PCPG
TEST_2319,THCA
TEST_2320,PRAD
TEST_2321,COAD
TEST_2322,THYM
TEST_2323,KIPAN
TEST_2324,KIPAN
TEST_2325,BRCA
TEST_2326,PRAD
TEST_2327,STES
TEST_2328,THCA
TEST_2329,SKCM
TEST_2330,STES
TEST_2331,COAD
TEST_2332,LUAD
TEST_2333,BRCA
TEST_2334,THYM
TEST_2335,BRCA
TEST_2336,COAD
TEST_2337,KIPAN
TEST_2338,HNSC
TEST_2339,BRCA
TEST_2340,THYM
TEST_2341,BRCA
TEST_2342,COAD
TEST_2343,STES
TEST_2344,KIRC
TEST_2345,BRCA
TEST_2346,BRCA
TEST_2347,SKCM
TEST_2348,SKCM
TEST_2349,PRAD
TEST_2350,LIHC
TEST_2351,LGG
TEST_2352,HNSC
TEST_2353,BRCA
TEST_2354,ACC
TEST_2355,CESC
TEST_2356,KIRC
TEST_2357,SKCM
TEST_2358,PCPG
TEST_2359,PCPG
TEST_2360,BRCA
TEST_2361,SKCM
TEST_2362,STES
TEST_2363,THYM
TEST_2364,COAD
TEST_2365,COAD
TEST_2366,BRCA
TEST_2367,BRCA
TEST_2368,COAD
TEST_2369,BRCA
TEST_2370,BRCA
TEST_2371,SKCM
TEST_2372,BRCA
TEST_2373,KIPAN
TEST_2374,THYM
TEST_2375,THYM
TEST_2376,COAD
TEST_2377,COAD
TEST_2378,THCA
TEST_2379,BRCA
TEST_2380,BLCA
TEST_2381,BRCA
TEST_2382,OV
TEST_2383,LAML
TEST_2384,KIPAN
TEST_2385,BRCA
TEST_2386,COAD
TEST_2387,COAD
TEST_2388,COAD
TEST_2389,GBMLGG
TEST_2390,THCA
TEST_2391,HNSC
TEST_2392,OV
TEST_2393,PRAD
TEST_2394,COAD
TEST_2395,THYM
TEST_2396,COAD
TEST_2397,LUSC
TEST_2398,COAD
TEST_2399,THYM
TEST_2400,COAD
TEST_2401,COAD
TEST_2402,BRCA
TEST_2403,ACC
TEST_2404,GBMLGG
TEST_2405,GBMLGG
TEST_2406,THCA
TEST_2407,COAD
TEST_2408,COAD
TEST_2409,COAD
TEST_2410,SARC
TEST_2411,KIRC
TEST_2412,THYM
TEST_2413,COAD
TEST_2414,BRCA
TEST_2415,THCA
TEST_2416,SKCM
TEST_2417,COAD
TEST_2418,KIPAN
TEST_2419,COAD
TEST_2420,COAD
TEST_2421,COAD
TEST_2422,GBMLGG
TEST_2423,BRCA
TEST_2424,PCPG
TEST_2425,COAD
TEST_2426,LUAD
TEST_2427,STES
TEST_2428,COAD
TEST_2429,STES
TEST_2430,COAD
TEST_2431,KIRC
TEST_2432,GBMLGG
TEST_2433,SKCM
TEST_2434,PCPG
TEST_2435,COAD
TEST_2436,UCEC
TEST_2437,COAD
TEST_2438,PRAD
TEST_2439,COAD
TEST_2440,COAD
TEST_2441,BRCA
TEST_2442,THCA
TEST_2443,GBMLGG
TEST_2444,KIPAN
TEST_2445,COAD
TEST_2446,SKCM
TEST_2447,BRCA
TEST_2448,COAD
TEST_2449,COAD
TEST_2450,ACC
TEST_2451,ACC
TEST_2452,THCA
TEST_2453,LAML
TEST_2454,COAD
TEST_2455,STES
TEST_2456,BRCA
TEST_2457,BRCA
TEST_2458,THYM
TEST_2459,KIRC
TEST_2460,SKCM
TEST_2461,STES
TEST_2462,COAD
TEST_2463,PCPG
TEST_2464,THYM
TEST_2465,UCEC
TEST_2466,SKCM
TEST_2467,STES
TEST_2468,UCEC
TEST_2469,BRCA
TEST_2470,COAD
TEST_2471,UCEC
TEST_2472,HNSC
TEST_2473,COAD
TEST_2474,ACC
TEST_2475,COAD
TEST_2476,COAD
TEST_2477,SARC
TEST_2478,KIPAN
TEST_2479,BRCA
TEST_2480,BRCA
TEST_2481,THYM
TEST_2482,PCPG
TEST_2483,THCA
TEST_2484,LAML
TEST_2485,COAD
TEST_2486,COAD
TEST_2487,SARC
TEST_2488,KIPAN
TEST_2489,BRCA
TEST_2490,KIPAN
TEST_2491,COAD
TEST_2492,THCA
TEST_2493,COAD
TEST_2494,BRCA
TEST_2495,PCPG
TEST_2496,SKCM
TEST_2497,OV
TEST_2498,BRCA
TEST_2499,COAD
TEST_2500,COAD
TEST_2501,KIRC
TEST_2502,SARC
TEST_2503,HNSC
TEST_2504,PRAD
TEST_2505,KIPAN
TEST_2506,BRCA
TEST_2507,GBMLGG
TEST_2508,KIRC
TEST_2509,HNSC
TEST_2510,OV
TEST_2511,LGG
TEST_2512,KIPAN
TEST_2513,THCA
TEST_2514,UCEC
TEST_2515,GBMLGG
TEST_2516,COAD
TEST_2517,GBMLGG
TEST_2518,OV
TEST_2519,COAD
TEST_2520,COAD
TEST_2521,GBMLGG
TEST_2522,UCEC
TEST_2523,COAD
TEST_2524,COAD
TEST_2525,COAD
TEST_2526,COAD
TEST_2527,COAD
TEST_2528,COAD
TEST_2529,LUAD
TEST_2530,KIRC
TEST_2531,COAD
TEST_2532,PCPG
TEST_2533,THYM
TEST_2534,UCEC
TEST_2535,BRCA
TEST_2536,COAD
TEST_2537,STES
TEST_2538,COAD
TEST_2539,KIRC
TEST_2540,GBMLGG
TEST_2541,COAD
TEST_2542,PAAD
TEST_2543,UCEC
TEST_2544,LAML
TEST_2545,GBMLGG
